id,rank,title,theme,type,priority,status,timeframe,stage,owner,created_at,when_start,due_date,reach,impact,confidence,effort,rice,tags,what,why,how,test_plan,charts,correlations,dependencies,links,potential_benefits,explainer,integration_speed,complexity,notes,source,related_ids
58,1,(Near) Counterfactual & causal checks,General,Task,P2,Inbox,Next,Idea,ENERQIS,2025-09-15,,,6.0,7.0,0.7,3.0,9.8,causal,,,,,,,,,,Imagine: (Near) Counterfactual & causal checks in NOESIS and the Engine.,Next (2–6w),Easy,Parsed card in top AI implementations.txt,CARD:Stage 3 AI Driven.md,
59,2,(Near) Post-Trade Learning Loop,General,Task,P2,Inbox,Next,Idea,ENERQIS,2025-09-15,,,6.0,7.0,0.7,3.0,9.8,,,,,,,,,,,Imagine: (Near) Post-Trade Learning Loop in NOESIS and the Engine.,Next (2–6w),Easy,Parsed card in top AI implementations.txt,CARD:Stage 3 AI Driven.md,
57,3,(Near) Reasoning-budget search,General,Task,P2,Inbox,Next,Idea,ENERQIS,2025-09-15,,,6.0,7.0,0.7,3.0,9.8,,,,,,,,,,,Imagine: (Near) Reasoning-budget search in NOESIS and the Engine.,Next (2–6w),Easy,Parsed card in top AI implementations.txt,CARD:Stage 3 AI Driven.md,
55,4,(Now) Dual-System Execution (fast/slow),General,Task,P2,Inbox,Next,Idea,ENERQIS,2025-09-15,,,6.0,7.0,0.7,3.0,9.8,,,,,,,,,,,Imagine: (Now) Dual-System Execution (fast/slow) in NOESIS and the Engine.,Next (2–6w),Easy,Parsed card in top AI implementations.txt,CARD:Stage 3 AI Driven.md,
56,5,(Now) Prediction-Market Priors,General,Task,P2,Inbox,Next,Idea,ENERQIS,2025-09-15,,,6.0,7.0,0.7,3.0,9.8,,,,,,,,,,,Imagine: (Now) Prediction-Market Priors in NOESIS and the Engine.,Next (2–6w),Easy,Parsed card in top AI implementations.txt,CARD:Stage 3 AI Driven.md,
54,6,"(Now) Spec-driven, agentic Strategy Factory",General,Task,P2,Inbox,Next,Idea,ENERQIS,2025-09-15,,,6.0,7.0,0.7,3.0,9.8,"agentic,options",,,,,,,,,,"Imagine: (Now) Spec-driven, agentic Strategy Factory in NOESIS and the Engine.",Next (2–6w),Easy,Parsed card in top AI implementations.txt,CARD:Stage 3 AI Driven.md,
29,7,1) Complement-sum & mispricing monitor (binary “YES/NO”),General,Task,P2,Inbox,Next,Idea,ENERQIS,2025-09-15,,,6.0,7.0,0.7,3.0,9.8,,,,,,,,,,,Imagine: 1) Complement-sum & mispricing monitor (binary “YES/NO”) in NOESIS and the Engine.,Next (2–6w),Easy,Parsed card in next level ideas.md,CARD:next level ideas.md,
10,8,1) Whale positioning & flows (on-chain + CEX),General,Task,P2,Inbox,Next,Idea,ENERQIS,2025-09-15,,,6.0,7.0,0.7,3.0,9.8,,,,,,,,,,,Imagine: 1) Whale positioning & flows (on-chain + CEX) in NOESIS and the Engine.,Next (2–6w),Easy,Parsed card in next level ideas.md,CARD:next level ideas.md,
19,9,10) Venue lead–lag & price discovery share,General,Task,P2,Inbox,Next,Idea,ENERQIS,2025-09-15,,,6.0,7.0,0.7,3.0,9.8,,,,,,,,,,,Imagine: 10) Venue lead–lag & price discovery share in NOESIS and the Engine.,Next (2–6w),Easy,Parsed card in next level ideas.md,CARD:next level ideas.md,
38,10,10) “Gamma wall” analogs from AMM curvature,General,Task,P2,Inbox,Next,Idea,ENERQIS,2025-09-15,,,6.0,7.0,0.7,3.0,9.8,"manifold,options",,,,,,,,,,Imagine: 10) “Gamma wall” analogs from AMM curvature in NOESIS and the Engine.,Next (2–6w),Easy,Parsed card in next level ideas.md,CARD:next level ideas.md,
20,11,11) Basis triangles & funding arbitrage diagnostics,General,Task,P2,Inbox,Next,Idea,ENERQIS,2025-09-15,,,6.0,7.0,0.7,3.0,9.8,,,,,,,,,,,Imagine: 11) Basis triangles & funding arbitrage diagnostics in NOESIS and the Engine.,Next (2–6w),Easy,Parsed card in next level ideas.md,CARD:next level ideas.md,
39,12,11) Binaries to log-odds & Bayesian updates,General,Task,P2,Inbox,Next,Idea,ENERQIS,2025-09-15,,,6.0,7.0,0.7,3.0,9.8,,,,,,,,,,,Imagine: 11) Binaries to log-odds & Bayesian updates in NOESIS and the Engine.,Next (2–6w),Easy,Parsed card in next level ideas.md,CARD:next level ideas.md,
40,13,12) Ambiguity & invalidation arb,General,Task,P2,Inbox,Next,Idea,ENERQIS,2025-09-15,,,6.0,7.0,0.7,3.0,9.8,dashboard,,,,,,,,,,Imagine: 12) Ambiguity & invalidation arb in NOESIS and the Engine.,Next (2–6w),Easy,Parsed card in next level ideas.md,CARD:next level ideas.md,
21,14,12) Fiat & macro plumbing hooks,General,Task,P2,Inbox,Next,Idea,ENERQIS,2025-09-15,,,6.0,7.0,0.7,3.0,9.8,macro,,,,,,,,,,Imagine: 12) Fiat & macro plumbing hooks in NOESIS and the Engine.,Next (2–6w),Easy,Parsed card in next level ideas.md,CARD:next level ideas.md,
41,15,13) Calendar & rule-change risk,General,Task,P2,Inbox,Next,Idea,ENERQIS,2025-09-15,,,6.0,7.0,0.7,3.0,9.8,risk,,,,,,,,,,Imagine: 13) Calendar & rule-change risk in NOESIS and the Engine.,Next (2–6w),Easy,Parsed card in next level ideas.md,CARD:next level ideas.md,
22,16,13) Developer activity & protocol vitality,General,Task,P2,Inbox,Next,Idea,ENERQIS,2025-09-15,,,6.0,7.0,0.7,3.0,9.8,options,,,,,,,,,,Imagine: 13) Developer activity & protocol vitality in NOESIS and the Engine.,Next (2–6w),Easy,Parsed card in next level ideas.md,CARD:next level ideas.md,
23,17,14) Lending/borrowing & AMM metrics,General,Task,P2,Inbox,Next,Idea,ENERQIS,2025-09-15,,,6.0,7.0,0.7,3.0,9.8,,,,,,,,,,,Imagine: 14) Lending/borrowing & AMM metrics in NOESIS and the Engine.,Next (2–6w),Easy,Parsed card in next level ideas.md,CARD:next level ideas.md,
42,18,14) Macro & survey bridges,General,Task,P2,Inbox,Next,Idea,ENERQIS,2025-09-15,,,6.0,7.0,0.7,3.0,9.8,macro,,,,,,,,,,Imagine: 14) Macro & survey bridges in NOESIS and the Engine.,Next (2–6w),Easy,Parsed card in next level ideas.md,CARD:next level ideas.md,
43,19,15) Event families & hierarchical consistency,General,Task,P2,Inbox,Next,Idea,ENERQIS,2025-09-15,,,6.0,7.0,0.7,3.0,9.8,,,,,,,,,,,Imagine: 15) Event families & hierarchical consistency in NOESIS and the Engine.,Next (2–6w),Easy,Parsed card in next level ideas.md,CARD:next level ideas.md,
24,20,15) Post-trade mark-out & venue scorecard,General,Task,P2,Inbox,Next,Idea,ENERQIS,2025-09-15,,,6.0,7.0,0.7,3.0,9.8,execution,,,,,,,,,,Imagine: 15) Post-trade mark-out & venue scorecard in NOESIS and the Engine.,Next (2–6w),Easy,Parsed card in next level ideas.md,CARD:next level ideas.md,
30,21,2) Cross-venue parity & triangular consistency,General,Task,P2,Inbox,Next,Idea,ENERQIS,2025-09-15,,,6.0,7.0,0.7,3.0,9.8,,,,,,,,,,,Imagine: 2) Cross-venue parity & triangular consistency in NOESIS and the Engine.,Next (2–6w),Easy,Parsed card in next level ideas.md,CARD:next level ideas.md,
11,22,2) Liquidation zones / liquidation density,General,Task,P2,Inbox,Next,Idea,ENERQIS,2025-09-15,,,6.0,7.0,0.7,3.0,9.8,"dashboard,orderflow",,,,,,,,,,Imagine: 2) Liquidation zones / liquidation density in NOESIS and the Engine.,Next (2–6w),Medium,Parsed card in next level ideas.md,CARD:next level ideas.md,
12,23,"3) Derivatives positioning (funding, OI, basis)",General,Task,P2,Inbox,Next,Idea,ENERQIS,2025-09-15,,,6.0,7.0,0.7,3.0,9.8,options,,,,,,,,,,"Imagine: 3) Derivatives positioning (funding, OI, basis) in NOESIS and the Engine.",Next (2–6w),Easy,Parsed card in next level ideas.md,CARD:next level ideas.md,
31,24,3) Time-skew / carry trades,General,Task,P2,Inbox,Next,Idea,ENERQIS,2025-09-15,,,6.0,7.0,0.7,3.0,9.8,options,,,,,,,,,,Imagine: 3) Time-skew / carry trades in NOESIS and the Engine.,Next (2–6w),Easy,Parsed card in next level ideas.md,CARD:next level ideas.md,
13,25,4) Options surface & dealer positioning (crypto),General,Task,P2,Inbox,Next,Idea,ENERQIS,2025-09-15,,,6.0,7.0,0.7,3.0,9.8,options,,,,,,,,,,Imagine: 4) Options surface & dealer positioning (crypto) in NOESIS and the Engine.,Next (2–6w),Easy,Parsed card in next level ideas.md,CARD:next level ideas.md,
32,26,4) Order-path slippage & optimal slicing,General,Task,P2,Inbox,Next,Idea,ENERQIS,2025-09-15,,,6.0,7.0,0.7,3.0,9.8,execution,,,,,,,,,,Imagine: 4) Order-path slippage & optimal slicing in NOESIS and the Engine.,Next (2–6w),Easy,Parsed card in next level ideas.md,CARD:next level ideas.md,
33,27,5) Resolution-source watcher (machine-read the rulebook),General,Task,P2,Inbox,Next,Idea,ENERQIS,2025-09-15,,,6.0,7.0,0.7,3.0,9.8,orderflow,,,,,,,,,,Imagine: 5) Resolution-source watcher (machine-read the rulebook) in NOESIS and the Engine.,Next (2–6w),Easy,Parsed card in next level ideas.md,CARD:next level ideas.md,
14,28,5) Stablecoin plumbing,General,Task,P2,Inbox,Next,Idea,ENERQIS,2025-09-15,,,6.0,7.0,0.7,3.0,9.8,options,,,,,,,,,,Imagine: 5) Stablecoin plumbing in NOESIS and the Engine.,Next (2–6w),Easy,Parsed card in next level ideas.md,CARD:next level ideas.md,
34,29,6) Domain-specific live feeds,General,Task,P2,Inbox,Next,Idea,ENERQIS,2025-09-15,,,6.0,7.0,0.7,3.0,9.8,options,,,,,,,,,,Imagine: 6) Domain-specific live feeds in NOESIS and the Engine.,Next (2–6w),Easy,Parsed card in next level ideas.md,CARD:next level ideas.md,
15,30,6) Level-2 (LOB) features & toxicity,General,Task,P2,Inbox,Next,Idea,ENERQIS,2025-09-15,,,6.0,7.0,0.7,3.0,9.8,orderflow,,,,,,,,,,Imagine: 6) Level-2 (LOB) features & toxicity in NOESIS and the Engine.,Next (2–6w),Easy,Parsed card in next level ideas.md,CARD:next level ideas.md,
16,31,7) **Cumulative Volume Delta (CVD)** & footprint variants,General,Task,P2,Inbox,Next,Idea,ENERQIS,2025-09-15,,,6.0,7.0,0.7,3.0,9.8,"options,orderflow",,,,,,,,,,Imagine: 7) **Cumulative Volume Delta (CVD)** & footprint variants in NOESIS and the Engine.,Next (2–6w),Medium,Parsed card in next level ideas.md,CARD:next level ideas.md,
35,32,7) Expert cohort signals,General,Task,P2,Inbox,Next,Idea,ENERQIS,2025-09-15,,,6.0,7.0,0.7,3.0,9.8,,,,,,,,,,,Imagine: 7) Expert cohort signals in NOESIS and the Engine.,Next (2–6w),Easy,Parsed card in next level ideas.md,CARD:next level ideas.md,
17,33,8) Iceberg/spoof detection & replenishment,General,Task,P2,Inbox,Next,Idea,ENERQIS,2025-09-15,,,6.0,7.0,0.7,3.0,9.8,execution,,,,,,,,,,Imagine: 8) Iceberg/spoof detection & replenishment in NOESIS and the Engine.,Next (2–6w),Easy,Parsed card in next level ideas.md,CARD:next level ideas.md,
36,34,8) Whale & cohort flow (prediction-market edition),General,Task,P2,Inbox,Next,Idea,ENERQIS,2025-09-15,,,6.0,7.0,0.7,3.0,9.8,,,,,,,,,,,Imagine: 8) Whale & cohort flow (prediction-market edition) in NOESIS and the Engine.,Next (2–6w),Easy,Parsed card in next level ideas.md,CARD:next level ideas.md,
37,35,9) Liquidity & inventory pressure,General,Task,P2,Inbox,Next,Idea,ENERQIS,2025-09-15,,,6.0,7.0,0.7,3.0,9.8,dashboard,,,,,,,,,,Imagine: 9) Liquidity & inventory pressure in NOESIS and the Engine.,Next (2–6w),Easy,Parsed card in next level ideas.md,CARD:next level ideas.md,
18,36,9) Liquidity regime panel,General,Task,P2,Inbox,Next,Idea,ENERQIS,2025-09-15,,,6.0,7.0,0.7,3.0,9.8,"dashboard,manifold",,,,,,,,,,Imagine: 9) Liquidity regime panel in NOESIS and the Engine.,Next (2–6w),Easy,Parsed card in next level ideas.md,CARD:next level ideas.md,
67,37,A simple “Top Projects” watchlist you can act on,General,Task,P2,Inbox,Next,Idea,ENERQIS,2025-09-15,,,6.0,7.0,0.7,3.0,9.8,,,,,,,,,,,Imagine: A simple “Top Projects” watchlist you can act on in NOESIS and the Engine.,Next (2–6w),Easy,Parsed card in top AI implementations.txt,CARD:top AI implementations.txt,
50,38,"A) **Now (simple, high-ROI, low risk)**",General,Task,P2,Inbox,Next,Idea,ENERQIS,2025-09-15,,,6.0,7.0,0.7,3.0,9.8,"options,risk",,,,,,,,,,"Imagine: A) **Now (simple, high-ROI, low risk)** in NOESIS and the Engine.",Next (2–6w),Easy,Parsed card in Stage 3 AI Driven.md,CARD:Stage 3 AI Driven.md,
26,39,Acceptance gates (apply on ingest),General,Task,P2,Inbox,Next,Idea,ENERQIS,2025-09-15,,,6.0,7.0,0.7,3.0,9.8,"data,governance,spaceweather",,,,,,,,,,Imagine: Acceptance gates (apply on ingest) in NOESIS and the Engine.,Next (2–6w),Easy,Parsed card in next level ideas.md,CARD:next level ideas.md,
44,40,Acceptance gates (use on every data source),General,Task,P2,Inbox,Next,Idea,ENERQIS,2025-09-15,,,6.0,7.0,0.7,3.0,9.8,governance,,,,,,,,,,Imagine: Acceptance gates (use on every data source) in NOESIS and the Engine.,Next (2–6w),Easy,Parsed card in next level ideas.md,CARD:next level ideas.md,
51,41,B) **Next (intermediate)**,General,Task,P2,Inbox,Next,Idea,ENERQIS,2025-09-15,,,6.0,7.0,0.7,3.0,9.8,,,,,,,,,,,Imagine: B) **Next (intermediate)** in NOESIS and the Engine.,Next (2–6w),Easy,Parsed card in Stage 3 AI Driven.md,CARD:Stage 3 AI Driven.md,
48,42,Backlog seeds (paste to your CSV or use `add_backlog_item.ps1`),General,Task,P2,Inbox,Next,Idea,ENERQIS,2025-09-15,,,6.0,7.0,0.7,3.0,9.8,,,,,,,,,,,Imagine: Backlog seeds (paste to your CSV or use `add_backlog_item.ps1`) in NOESIS and the Engine.,Next (2–6w),Easy,Parsed card in next level ideas.md,CARD:next level ideas.md,
9,43,Backlog seeds (you can paste into your CSV later),General,Task,P2,Inbox,Next,Idea,ENERQIS,2025-09-15,,,6.0,7.0,0.7,3.0,9.8,,,,,,,,,,,Imagine: Backlog seeds (you can paste into your CSV later) in NOESIS and the Engine.,Next (2–6w),Easy,Parsed card in next level ideas.md,CARD:next level ideas.md,
52,44,C) **Advanced (Stage 3 halo)**,General,Task,P2,Inbox,Next,Idea,ENERQIS,2025-09-15,,,6.0,7.0,0.7,3.0,9.8,,,,,,,,,,,Imagine: C) **Advanced (Stage 3 halo)** in NOESIS and the Engine.,Next (2–6w),Easy,Parsed card in Stage 3 AI Driven.md,CARD:Stage 3 AI Driven.md,
25,45,Canonical schemas (minute-level examples; UTC),General,Task,P2,Inbox,Next,Idea,ENERQIS,2025-09-15,,,6.0,7.0,0.7,3.0,9.8,,,,,,,,,,,Imagine: Canonical schemas (minute-level examples; UTC) in NOESIS and the Engine.,Next (2–6w),Easy,Parsed card in next level ideas.md,CARD:next level ideas.md,
45,46,Canonical schemas (parquet-ready),General,Task,P2,Inbox,Next,Idea,ENERQIS,2025-09-15,,,6.0,7.0,0.7,3.0,9.8,,,,,,,,,,,Imagine: Canonical schemas (parquet-ready) in NOESIS and the Engine.,Next (2–6w),Easy,Parsed card in next level ideas.md,CARD:next level ideas.md,
2,47,Core panes (v1 → v∞),General,Task,P2,Inbox,Next,Idea,ENERQIS,2025-09-15,,,6.0,7.0,0.7,3.0,9.8,,,,,,,,,,,Imagine: Core panes (v1 → v∞) in NOESIS and the Engine.,Next (2–6w),Easy,Parsed card in Advanced coding paradigms + HUD.md,CARD:Advanced coding paradigms + HUD.md,
27,48,Evaluation discipline,General,Task,P2,Inbox,Next,Idea,ENERQIS,2025-09-15,,,6.0,7.0,0.7,3.0,9.8,,,,,,,,,,,Imagine: Evaluation discipline in NOESIS and the Engine.,Next (2–6w),Easy,Parsed card in next level ideas.md,CARD:next level ideas.md,
46,49,Evaluation discipline (to avoid fake edge),General,Task,P2,Inbox,Next,Idea,ENERQIS,2025-09-15,,,6.0,7.0,0.7,3.0,9.8,options,,,,,,,,,,Imagine: Evaluation discipline (to avoid fake edge) in NOESIS and the Engine.,Next (2–6w),Easy,Parsed card in next level ideas.md,CARD:next level ideas.md,
5,50,Evolution path,General,Task,P2,Inbox,Next,Idea,ENERQIS,2025-09-15,,,6.0,7.0,0.7,3.0,9.8,,,,,,,,,,,Imagine: Evolution path in NOESIS and the Engine.,Next (2–6w),Easy,Parsed card in Advanced coding paradigms + HUD.md,CARD:Advanced coding paradigms + HUD.md,
3,51,"How it runs (Windows-first, grows with us)",General,Task,P2,Inbox,Next,Idea,ENERQIS,2025-09-15,,,6.0,7.0,0.7,3.0,9.8,,,,,,,,,,,"Imagine: How it runs (Windows-first, grows with us) in NOESIS and the Engine.",Next (2–6w),Easy,Parsed card in Advanced coding paradigms + HUD.md,CARD:Advanced coding paradigms + HUD.md,
7,52,How we integrate this (quant discipline),General,Task,P2,Inbox,Next,Idea,ENERQIS,2025-09-15,,,6.0,7.0,0.7,3.0,9.8,,,,,,,,,,,Imagine: How we integrate this (quant discipline) in NOESIS and the Engine.,Next (2–6w),Easy,Parsed card in next level ideas.md,CARD:next level ideas.md,
68,53,If you want my literal “Top-10 leaderboard” (today),General,Task,P2,Inbox,Next,Idea,ENERQIS,2025-09-15,,,6.0,7.0,0.7,3.0,9.8,,,,,,,,,,,Imagine: If you want my literal “Top-10 leaderboard” (today) in NOESIS and the Engine.,Next (2–6w),Easy,Parsed card in top AI implementations.txt,CARD:top AI implementations.txt,
6,54,KPIs the HUD must move,General,Task,P2,Inbox,Next,Idea,ENERQIS,2025-09-15,,,6.0,7.0,0.7,3.0,9.8,"dashboard,spaceweather",,,,,,,,,,Imagine: KPIs the HUD must move in NOESIS and the Engine.,Next (2–6w),Easy,Parsed card in Advanced coding paradigms + HUD.md,CARD:Advanced coding paradigms + HUD.md,
60,55,M1) **Energy Manifold Mapper** (signature ENERQIS),General,Task,P2,Inbox,Next,Idea,ENERQIS,2025-09-15,,,6.0,7.0,0.7,3.0,9.8,"manifold,spaceweather",,,,,,,,,,Imagine: M1) **Energy Manifold Mapper** (signature ENERQIS) in NOESIS and the Engine.,Next (2–6w),Easy,Parsed card in top AI implementations.txt,CARD:Stage 3 AI Driven.md,
61,56,M2) **Causal Markets Engine**,General,Task,P2,Inbox,Next,Idea,ENERQIS,2025-09-15,,,6.0,7.0,0.7,3.0,9.8,causal,,,,,,,,,,Imagine: M2) **Causal Markets Engine** in NOESIS and the Engine.,Next (2–6w),Easy,Parsed card in top AI implementations.txt,CARD:Stage 3 AI Driven.md,
62,57,M3) **Meta-Alpha Compiler**,General,Task,P2,Inbox,Next,Idea,ENERQIS,2025-09-15,,,6.0,7.0,0.7,3.0,9.8,,,,,,,,,,,Imagine: M3) **Meta-Alpha Compiler** in NOESIS and the Engine.,Next (2–6w),Easy,Parsed card in top AI implementations.txt,CARD:Stage 3 AI Driven.md,
63,58,M4) **Differentiable Backtester**,General,Task,P2,Inbox,Next,Idea,ENERQIS,2025-09-15,,,6.0,7.0,0.7,3.0,9.8,,,,,,,,,,,Imagine: M4) **Differentiable Backtester** in NOESIS and the Engine.,Next (2–6w),Hard,Parsed card in top AI implementations.txt,CARD:Stage 3 AI Driven.md,
64,59,M5) **Ethical Impact Loop**,General,Task,P2,Inbox,Next,Idea,ENERQIS,2025-09-15,,,6.0,7.0,0.7,3.0,9.8,execution,,,,,,,,,,Imagine: M5) **Ethical Impact Loop** in NOESIS and the Engine.,Next (2–6w),Easy,Parsed card in top AI implementations.txt,CARD:Stage 3 AI Driven.md,
1,60,NOESIS — What it is,General,Task,P2,Inbox,Next,Idea,ENERQIS,2025-09-15,,,6.0,7.0,0.7,3.0,9.8,dashboard,,,,,,,,,,Imagine: NOESIS — What it is in NOESIS and the Engine.,Next (2–6w),Easy,Parsed card in Advanced coding paradigms + HUD.md,CARD:Advanced coding paradigms + HUD.md,
8,61,Pilot set (fastest to add with real edge potential),General,Task,P2,Inbox,Next,Idea,ENERQIS,2025-09-15,,,6.0,7.0,0.7,3.0,9.8,,,,,,,,,,,Imagine: Pilot set (fastest to add with real edge potential) in NOESIS and the Engine.,Next (2–6w),Easy,Parsed card in next level ideas.md,CARD:next level ideas.md,
49,62,Practical cautions,General,Task,P2,Inbox,Next,Idea,ENERQIS,2025-09-15,,,6.0,7.0,0.7,3.0,9.8,,,,,,,,,,,Imagine: Practical cautions in NOESIS and the Engine.,Next (2–6w),Easy,Parsed card in next level ideas.md,CARD:next level ideas.md,
28,63,Practical cautions (edge preservation),General,Task,P2,Inbox,Next,Idea,ENERQIS,2025-09-15,,,6.0,7.0,0.7,3.0,9.8,,,,,,,,,,,Imagine: Practical cautions (edge preservation) in NOESIS and the Engine.,Next (2–6w),Easy,Parsed card in next level ideas.md,CARD:next level ideas.md,
47,64,Prioritized “start now” set (highest ROI),General,Task,P2,Inbox,Next,Idea,ENERQIS,2025-09-15,,,6.0,7.0,0.7,3.0,9.8,options,,,,,,,,,,Imagine: Prioritized “start now” set (highest ROI) in NOESIS and the Engine.,Next (2–6w),Easy,Parsed card in next level ideas.md,CARD:next level ideas.md,
65,65,TL;DR (what to do now),General,Task,P2,Inbox,Next,Idea,ENERQIS,2025-09-15,,,6.0,7.0,0.7,3.0,9.8,,,,,,,,,,,Imagine: TL;DR (what to do now) in NOESIS and the Engine.,Next (2–6w),Easy,Parsed card in top AI implementations.txt,CARD:Stage 3 AI Driven.md,
66,66,What this means for ENERQIS (quick synthesis),General,Task,P2,Inbox,Next,Idea,ENERQIS,2025-09-15,,,6.0,7.0,0.7,3.0,9.8,dashboard,,,,,,,,,,Imagine: What this means for ENERQIS (quick synthesis) in NOESIS and the Engine.,Next (2–6w),Easy,Parsed card in top AI implementations.txt,CARD:top AI implementations.txt,
53,67,What to do next (no-drama checklist),General,Task,P2,Inbox,Next,Idea,ENERQIS,2025-09-15,,,6.0,7.0,0.7,3.0,9.8,,,,,,,,,,,Imagine: What to do next (no-drama checklist) in NOESIS and the Engine.,Next (2–6w),Easy,Parsed card in Stage 3 AI Driven.md,CARD:Stage 3 AI Driven.md,
69,68,What we do next (tactical),General,Task,P2,Inbox,Next,Idea,ENERQIS,2025-09-15,,,6.0,7.0,0.7,3.0,9.8,,,,,,,,,,,Imagine: What we do next (tactical) in NOESIS and the Engine.,Next (2–6w),Easy,Parsed card in top AI implementations.txt,CARD:top AI implementations.txt,
4,69,Why it matters,General,Task,P2,Inbox,Next,Idea,ENERQIS,2025-09-15,,,6.0,7.0,0.7,3.0,9.8,,,,,,,,,,,Imagine: Why it matters in NOESIS and the Engine.,Next (2–6w),Easy,Parsed card in Advanced coding paradigms + HUD.md,CARD:Advanced coding paradigms + HUD.md,
